{
  "train": {
    "mse": 0.4419043958187103,
    "mae": 0.5177237391471863,
    "rmse": 0.6647589005186093,
    "r2": 0.4309178590774536
  },
  "val": {
    "mse": 0.4631032645702362,
    "mae": 0.5351746082305908,
    "rmse": 0.6805169098341615,
    "r2": 0.37744277715682983
  },
  "test": {
    "mse": 0.4506921172142029,
    "mae": 0.5250928401947021,
    "rmse": 0.6713360687570741,
    "r2": 0.37000352144241333
  },
  "train_losses": [
    11.83726987888763,
    2.290224833505137,
    1.8129698615390937,
    1.6241828149015254,
    1.531061342962972,
    1.4352620727532392,
    1.3444859527207755,
    1.265851800258343,
    1.2159223114693916,
    1.192973303002911,
    1.1699169090577772,
    1.1297703859741455,
    1.112324473949579,
    1.0973871312774979,
    1.1397750185919808,
    1.0860932260960132,
    1.077362829988653,
    1.061104987884735,
    1.0215201607117286,
    0.9779663869551012,
    0.984352103896908,
    0.998960422260778,
    0.9740593130146706,
    0.9622204019264742,
    0.9563322927985158,
    0.9430381114874686,
    0.9182135204335192,
    0.9220918811909802,
    0.9049327611089586,
    0.89253050714106,
    0.8871548117457569,
    0.8917810758510669,
    0.8734024965262913,
    0.8519783103382671,
    0.83168552201111,
    0.838460105907667,
    0.8300622678720034,
    0.8074511191644869,
    0.817880237435961,
    0.8008392073891379,
    0.7989022481691587,
    0.771774739443839,
    0.7865008720151194,
    0.7574723451496004,
    0.7512954975758399,
    0.7664999553373644,
    0.7758734390869008,
    0.7317751413667118,
    0.756521315841408,
    0.7355014535930607,
    0.7248258279128508,
    0.7212624191404222,
    0.717122132336343,
    0.7205679120717349,
    0.728354788326717,
    0.70269895912884,
    0.6988336458489611,
    0.6836683612603408,
    0.7023770297792825,
    0.664546336952623,
    0.6732647410639516,
    0.6793907276400319,
    0.6682442214105513,
    0.6583546900249028,
    0.6521923712917141,
    0.6614038725416144,
    0.6366885728560961,
    0.6409111050042239,
    0.6253081609371242,
    0.6585865725170482,
    0.6216767598073799,
    0.6409983389027469,
    0.6274861732979754,
    0.6116664883765307,
    0.6192619511922757,
    0.6237520967330132,
    0.6059128002270119,
    0.6228794595161518,
    0.6063073143050387,
    0.5930493844972624,
    0.6034713258276453,
    0.5985121879127476,
    0.5853079392776622,
    0.5877475550958327,
    0.5728682391084992,
    0.5889403177099628,
    0.5835340089731283,
    0.5756117869298775,
    0.5783696919679642,
    0.5590644760148509,
    0.5620216338576137,
    0.5688616235356231,
    0.5594357679357062,
    0.5620289774207802,
    0.5577343760670482,
    0.5481991085347596,
    0.5498081746843312,
    0.5571380745280873,
    0.5339453729403603,
    0.5286516574296084
  ],
  "val_losses": [
    2.03143572807312,
    1.3336256742477417,
    1.0596673488616943,
    0.8838832974433899,
    0.8188307285308838,
    0.7288095951080322,
    0.6648488640785217,
    0.6165423393249512,
    0.6136375069618225,
    0.5762205123901367,
    0.5582126379013062,
    0.5598791241645813,
    0.5656092166900635,
    0.5534659028053284,
    0.5730612874031067,
    0.5367183089256287,
    0.5369976162910461,
    0.5345181226730347,
    0.5303416848182678,
    0.524949848651886,
    0.534367024898529,
    0.5379544496536255,
    0.5115731358528137,
    0.5137729048728943,
    0.5169945955276489,
    0.5108481645584106,
    0.5064001083374023,
    0.5034617185592651,
    0.5345621705055237,
    0.5054073929786682,
    0.519782543182373,
    0.49890875816345215,
    0.5062726736068726,
    0.4913909137248993,
    0.5037260055541992,
    0.5181187987327576,
    0.48772376775741577,
    0.4867338240146637,
    0.4999096095561981,
    0.48538753390312195,
    0.48376888036727905,
    0.4802851676940918,
    0.47904229164123535,
    0.4786735773086548,
    0.49303677678108215,
    0.4986681044101715,
    0.47854089736938477,
    0.478732168674469,
    0.5137489438056946,
    0.4844563901424408,
    0.47844380140304565,
    0.4835914671421051,
    0.4777289628982544,
    0.47568249702453613,
    0.47642138600349426,
    0.48261550068855286,
    0.4859619736671448,
    0.47161534428596497,
    0.48349547386169434,
    0.4718124568462372,
    0.4711358845233917,
    0.475735604763031,
    0.4690193831920624,
    0.478586345911026,
    0.4685889482498169,
    0.4717131555080414,
    0.4743647277355194,
    0.47333720326423645,
    0.49023348093032837,
    0.46899208426475525,
    0.4764068126678467,
    0.4782488942146301,
    0.4675934314727783,
    0.4790550470352173,
    0.46868497133255005,
    0.4729083180427551,
    0.4682493209838867,
    0.48204609751701355,
    0.47103431820869446,
    0.46682798862457275,
    0.466428279876709,
    0.47020164132118225,
    0.4662773013114929,
    0.4772903323173523,
    0.469628244638443,
    0.46864110231399536,
    0.4613037407398224,
    0.46098458766937256,
    0.46209630370140076,
    0.46593037247657776,
    0.4697721004486084,
    0.46526867151260376,
    0.46775922179222107,
    0.46070268750190735,
    0.47053730487823486,
    0.4649227261543274,
    0.4636724293231964,
    0.4591897130012512,
    0.45943698287010193,
    0.4631032347679138
  ]
}