{
  "train": {
    "mse": 0.48491203784942627,
    "mae": 0.5373774170875549,
    "rmse": 0.6963562578518457,
    "r2": 0.375532865524292
  },
  "val": {
    "mse": 0.48014703392982483,
    "mae": 0.5392933487892151,
    "rmse": 0.6929264275013797,
    "r2": 0.35453057289123535
  },
  "test": {
    "mse": 0.4677247107028961,
    "mae": 0.5343879461288452,
    "rmse": 0.683904021557774,
    "r2": 0.34619462490081787
  },
  "train_losses": [
    12.020086095049665,
    2.186990160208482,
    1.8810571932292486,
    1.5685441431465683,
    1.4695173512388777,
    1.3809333756253437,
    1.4623315784481021,
    1.325040777663251,
    1.2555594840249815,
    1.2374358373088437,
    1.2230912276081272,
    1.1618765909355004,
    1.1813371091872662,
    1.140758082583234,
    1.1208136410979959,
    1.0828279619450336,
    1.112979394572598,
    1.0593261902148907,
    1.0835734082685484,
    1.0152615164960181,
    1.0038160469148543,
    0.9773846404118971,
    1.0081937738231845,
    0.9603336776469971,
    0.9469059693229782,
    0.9833621272257158,
    0.9391336146142933,
    0.9326568035526084,
    0.9453166810782639,
    0.914688505492844,
    0.897850272121963,
    0.8759858902100917,
    0.8494043935845782,
    0.854588638235639,
    0.8418177287061731,
    0.8341884613037109,
    0.8204216559033294,
    0.7952255763999232,
    0.8050590495129565,
    0.8300399480166135,
    0.7729025803037457,
    0.790526923182961,
    0.774611875935868,
    0.7762304236005236,
    0.7658483027578233,
    0.7401172147764192,
    0.7439340576008483,
    0.741782170909268,
    0.7416211095723239,
    0.7398924619167835,
    0.7032977271746922,
    0.7212027515564765,
    0.6862732610710851,
    0.7107915926229703,
    0.6929727575995706,
    0.6838644986802881,
    0.6903601311720334,
    0.6888043913807902,
    0.6525601898873603,
    0.6575824068142817,
    0.6504441272285018,
    0.6689026284884739,
    0.654809731911946,
    0.6622481129386208,
    0.6599244463902253
  ],
  "val_losses": [
    1.6792352199554443,
    1.206889033317566,
    1.0098567008972168,
    0.8618342876434326,
    0.7433829307556152,
    0.7104275822639465,
    0.6790003776550293,
    0.6645069718360901,
    0.5847508311271667,
    0.574611246585846,
    0.578173816204071,
    0.5572715997695923,
    0.5570266842842102,
    0.5507130026817322,
    0.5513056516647339,
    0.54095458984375,
    0.5199299454689026,
    0.5271185636520386,
    0.5185274481773376,
    0.5114508867263794,
    0.5070013403892517,
    0.5188816785812378,
    0.5279132127761841,
    0.5047917366027832,
    0.4997633695602417,
    0.4957679510116577,
    0.49542802572250366,
    0.49970772862434387,
    0.49489063024520874,
    0.49521031975746155,
    0.501031219959259,
    0.5000513195991516,
    0.48610571026802063,
    0.4889823794364929,
    0.48931193351745605,
    0.5039488673210144,
    0.4825308322906494,
    0.491016685962677,
    0.47988128662109375,
    0.4812593162059784,
    0.48329007625579834,
    0.4715504050254822,
    0.4909517168998718,
    0.47042614221572876,
    0.47083309292793274,
    0.4825572967529297,
    0.5023693442344666,
    0.4666154682636261,
    0.4767853617668152,
    0.46930190920829773,
    0.4716992676258087,
    0.46989905834198,
    0.47203174233436584,
    0.465968519449234,
    0.4632538855075836,
    0.4847716689109802,
    0.46895793080329895,
    0.4697636663913727,
    0.4742618799209595,
    0.49589163064956665,
    0.4694679081439972,
    0.47383996844291687,
    0.47370463609695435,
    0.4776650071144104,
    0.480147123336792
  ]
}