{
  "train": {
    "mse": 0.44201958179473877,
    "mae": 0.5188331007957458,
    "rmse": 0.664845532281551,
    "r2": 0.43076956272125244
  },
  "val": {
    "mse": 0.4605531394481659,
    "mae": 0.535406231880188,
    "rmse": 0.678640655611028,
    "r2": 0.3808709979057312
  },
  "test": {
    "mse": 0.4541967213153839,
    "mae": 0.5301526784896851,
    "rmse": 0.6739411853532798,
    "r2": 0.365104615688324
  },
  "train_losses": [
    9.870365869748843,
    1.9428592504008666,
    1.6781768648774473,
    1.4810036622977758,
    1.3123646513982252,
    1.2451004544338147,
    1.1815499790481754,
    1.144657015800476,
    1.0596845176044878,
    1.0887533668037894,
    1.0185186779582418,
    1.0088787214322523,
    0.9966496074949944,
    1.005753525070377,
    0.9473501900276105,
    0.9705418352480535,
    0.913510260256854,
    0.9531726755879142,
    0.9095918525765826,
    0.8968440385965201,
    0.8900354365994047,
    0.8705339450519402,
    0.8696880521891001,
    0.8426489226676367,
    0.8406768789241365,
    0.8176168528470126,
    0.8362052453147781,
    0.8144601873167745,
    0.8206880000921396,
    0.7932130050409091,
    0.7812665463327528,
    0.7624593764751941,
    0.7543819106958963,
    0.7592910088442423,
    0.7860010387180568,
    0.7454761600421442,
    0.7422976821035772,
    0.7486512189978486,
    0.7372541829839453,
    0.7358762657308912,
    0.7346504816225359,
    0.7277702882469117,
    0.7110683912789071,
    0.7076747306993791,
    0.7078710233831739,
    0.6988148593402409,
    0.6851606877533706,
    0.7013398802780605,
    0.6923457510196246,
    0.6764973356173589,
    0.6837537223538319,
    0.6773333820429716,
    0.6657344947953324,
    0.6586988028529641,
    0.6664586411072657,
    0.6776995610940707,
    0.6433231411697148,
    0.6349744687338809,
    0.6412377759710058,
    0.6489828392029642,
    0.6593434200003431,
    0.6575710504621892,
    0.6469204317439686,
    0.643242700950249,
    0.6247327817486716,
    0.6214321174404838,
    0.6124794403989832,
    0.6203960897205593,
    0.6182402626096786,
    0.6229622341119326,
    0.6176651445302096,
    0.62126237633345,
    0.6352665032540168,
    0.6056643707768901,
    0.6027672149605684,
    0.5926751321429139,
    0.5956750622579268,
    0.5952667660646506,
    0.5982193835340179,
    0.573864352557209,
    0.5760875954911425,
    0.606887509147604,
    0.5679150267497642,
    0.574700098445678,
    0.5725884497999312,
    0.570979318314499,
    0.5776700345161078,
    0.5642488103854907,
    0.5767217218042253,
    0.5562354776409123,
    0.5612381169950211,
    0.5630703818547976,
    0.5668194279387281,
    0.5561021543466128,
    0.5682051650710873,
    0.5607158272312238,
    0.5573952942044584,
    0.5535785450593574,
    0.5499367396106253,
    0.5363307976639354,
    0.5598567530408606,
    0.54235038671877,
    0.5440754493424943,
    0.5389344146201661,
    0.5304634739885797,
    0.5468489486020762
  ],
  "val_losses": [
    1.5150567293167114,
    1.179988145828247,
    0.9921420812606812,
    0.8319690227508545,
    0.7358098030090332,
    0.6724105477333069,
    0.6569002270698547,
    0.6127039790153503,
    0.5913883447647095,
    0.5643501877784729,
    0.5888049602508545,
    0.5620648264884949,
    0.553196907043457,
    0.5393980145454407,
    0.5381487607955933,
    0.5247905850410461,
    0.5195038914680481,
    0.5367801785469055,
    0.523545503616333,
    0.5324456691741943,
    0.5232464671134949,
    0.5200985074043274,
    0.5232675671577454,
    0.5097293257713318,
    0.5154171586036682,
    0.49500659108161926,
    0.5169726014137268,
    0.538723886013031,
    0.49024438858032227,
    0.49306267499923706,
    0.49282288551330566,
    0.5006006360054016,
    0.504418134689331,
    0.4901069104671478,
    0.48601120710372925,
    0.5128397941589355,
    0.4858880937099457,
    0.481760710477829,
    0.4882076382637024,
    0.4866461753845215,
    0.4853082597255707,
    0.48198065161705017,
    0.4883423149585724,
    0.4976791739463806,
    0.4889470636844635,
    0.4965854287147522,
    0.4832096993923187,
    0.4795514643192291,
    0.4740528464317322,
    0.47483864426612854,
    0.47975194454193115,
    0.4757745563983917,
    0.4872407615184784,
    0.48669707775115967,
    0.48280924558639526,
    0.47829824686050415,
    0.4701120853424072,
    0.4793502390384674,
    0.4853307902812958,
    0.48433738946914673,
    0.46873077750205994,
    0.4695803225040436,
    0.4648638069629669,
    0.4754928648471832,
    0.4834393262863159,
    0.47942569851875305,
    0.46625444293022156,
    0.4656376838684082,
    0.4646170735359192,
    0.46709921956062317,
    0.4634343683719635,
    0.4709283113479614,
    0.4654994308948517,
    0.46412140130996704,
    0.47633931040763855,
    0.45996174216270447,
    0.4598284959793091,
    0.45891833305358887,
    0.4581282436847687,
    0.4588980972766876,
    0.4582865834236145,
    0.46433907747268677,
    0.4586959481239319,
    0.4584062099456787,
    0.4578608274459839,
    0.45760825276374817,
    0.4586023688316345,
    0.4680471122264862,
    0.46045905351638794,
    0.45784392952919006,
    0.45673519372940063,
    0.45646965503692627,
    0.4609224498271942,
    0.4546925127506256,
    0.4648596942424774,
    0.4515645205974579,
    0.4742946922779083,
    0.4604858458042145,
    0.4523773491382599,
    0.4558945596218109,
    0.4545738697052002,
    0.45230501890182495,
    0.45343464612960815,
    0.4544711112976074,
    0.4516715109348297,
    0.4605531692504883
  ]
}