{
  "train": {
    "mse": 0.44623178243637085,
    "mae": 0.5172032117843628,
    "rmse": 0.6680058251515258,
    "r2": 0.42534512281417847
  },
  "val": {
    "mse": 0.4637354016304016,
    "mae": 0.5329481959342957,
    "rmse": 0.6809812050493036,
    "r2": 0.3765929937362671
  },
  "train_losses": [
    12.065849331709055,
    2.3056979554516452,
    1.8830229489953367,
    1.6778097173550746,
    1.5436777789275964,
    1.501249408805287,
    1.4491381757742876,
    1.4027344913749429,
    1.313501965541106,
    1.2890067273503416,
    1.277037488830673,
    1.2189491199446725,
    1.2053986020855136,
    1.222940606253964,
    1.1928846775651811,
    1.1546961635976405,
    1.1695216864972682,
    1.1151187115615897,
    1.1104170831141773,
    1.0859092472681215,
    1.0675225614250956,
    1.0615479804419137,
    1.087143616659658,
    1.0364211014100722,
    1.0050947944392692,
    0.9879932328537627,
    1.0153845854989298,
    0.9661737196928971,
    0.9463841473305976,
    0.9319479413382656,
    0.9614860388365659,
    0.9299782592725087,
    0.9152639314428076,
    0.875573173686341,
    0.8671228072860024,
    0.9068911171459652,
    0.8751628315532124,
    0.8406521749871594,
    0.8376296027661203,
    0.8494910164312883,
    0.7897033997765788,
    0.8066353182067404,
    0.7724165319354384,
    0.7860680007851207,
    0.7953079526241009,
    0.7699490412548705,
    0.757279864766381,
    0.7482545123650477,
    0.7255021249810298,
    0.7753999452074091,
    0.7450025515643867,
    0.749056729507613,
    0.7301008940993489,
    0.7078759344099285,
    0.725828237258471,
    0.7093618735150024,
    0.7194969451927639,
    0.6897623145080113,
    0.7055580032976357,
    0.6841662595947305,
    0.6756367395807813,
    0.6645149850918279,
    0.6675592913077428,
    0.6597853888581683,
    0.6483356817202135,
    0.6574028036394319,
    0.6557805805981576,
    0.650946518966368,
    0.6641725941554649,
    0.6502719850806923,
    0.6526654917043406,
    0.6410215401149296,
    0.6107265086961793,
    0.63046235825632,
    0.6321438832299693,
    0.6216802634559311,
    0.6216704809999133,
    0.6157822842364544,
    0.6252769754899965,
    0.602217517115853,
    0.5998178074409911,
    0.5974721442777794,
    0.5926661365307294,
    0.5835024489389433,
    0.564404431339744,
    0.5832076758354694,
    0.5765577689125821,
    0.5779696003618565,
    0.5739602442387934,
    0.5688434347406134,
    0.5823930641571125,
    0.5566629765333829,
    0.5643766742277813,
    0.5530671437720319,
    0.5560756103767381,
    0.5720022497894047,
    0.5488192911123062,
    0.5374007541816551,
    0.5399943104573897,
    0.5501959853238992
  ],
  "val_losses": [
    1.7977205514907837,
    1.2991732358932495,
    1.03065824508667,
    0.8944951891899109,
    0.7877482771873474,
    0.7055822610855103,
    0.656199038028717,
    0.6180397868156433,
    0.593399167060852,
    0.590506374835968,
    0.5884186029434204,
    0.5487953424453735,
    0.5490823984146118,
    0.5973616242408752,
    0.5606804490089417,
    0.560253918170929,
    0.5153501033782959,
    0.5534071922302246,
    0.5181129574775696,
    0.5383522510528564,
    0.5823887586593628,
    0.508263349533081,
    0.5050082206726074,
    0.491767942905426,
    0.5271034240722656,
    0.531404972076416,
    0.563175618648529,
    0.5251064896583557,
    0.5018672347068787,
    0.5460929870605469,
    0.4984533488750458,
    0.48083043098449707,
    0.48926782608032227,
    0.5049729943275452,
    0.48274466395378113,
    0.5122777223587036,
    0.5073069334030151,
    0.4799075424671173,
    0.4956052303314209,
    0.4899144768714905,
    0.48598426580429077,
    0.4889998137950897,
    0.48045486211776733,
    0.495557576417923,
    0.48352089524269104,
    0.4816385805606842,
    0.482303649187088,
    0.47911590337753296,
    0.4833487868309021,
    0.5125731229782104,
    0.48180824518203735,
    0.48599475622177124,
    0.4739094078540802,
    0.5182973742485046,
    0.48011305928230286,
    0.4831070601940155,
    0.4735472500324249,
    0.4732508957386017,
    0.47023841738700867,
    0.472567081451416,
    0.47357743978500366,
    0.4767473340034485,
    0.471199631690979,
    0.4872713088989258,
    0.47083818912506104,
    0.4698442816734314,
    0.4705433249473572,
    0.4679199457168579,
    0.47027483582496643,
    0.46987736225128174,
    0.47574958205223083,
    0.46902239322662354,
    0.47747015953063965,
    0.4643138349056244,
    0.46527788043022156,
    0.4691128730773926,
    0.4717350900173187,
    0.46539223194122314,
    0.46990135312080383,
    0.46975094079971313,
    0.4684150516986847,
    0.46466463804244995,
    0.46160751581192017,
    0.46726974844932556,
    0.46672317385673523,
    0.4617939591407776,
    0.46039196848869324,
    0.48062393069267273,
    0.46210530400276184,
    0.461230605840683,
    0.45894449949264526,
    0.45978105068206787,
    0.45885729789733887,
    0.45599251985549927,
    0.4593985378742218,
    0.4570336937904358,
    0.4566795229911804,
    0.45715147256851196,
    0.4563528597354889,
    0.463735431432724
  ],
  "test": {
    "mse": 0.4464980363845825,
    "mae": 0.5224610567092896,
    "rmse": 0.6682050855722235,
    "r2": 0.375866174697876
  }
}