{
  "train": {
    "accuracy": 0.9626666666666667,
    "classification_report": {
      "0": {
        "precision": 0.9918907383696116,
        "recall": 0.9810046433094133,
        "f1-score": 0.9864176570458404,
        "support": 4738.0
      },
      "1": {
        "precision": 0.9886722376973074,
        "recall": 0.9870226177233964,
        "f1-score": 0.9878467390295946,
        "support": 5394.0
      },
      "2": {
        "precision": 0.9984416740872663,
        "recall": 0.9410407049937054,
        "f1-score": 0.9688917692806222,
        "support": 4766.0
      },
      "3": {
        "precision": 0.9091603053435114,
        "recall": 0.9712538226299694,
        "f1-score": 0.9391818629866929,
        "support": 4905.0
      },
      "4": {
        "precision": 0.9883344134802333,
        "recall": 0.978818998716303,
        "f1-score": 0.983553692357304,
        "support": 4674.0
      },
      "5": {
        "precision": 0.8436157750878563,
        "recall": 0.9963108139266774,
        "f1-score": 0.9136272333227614,
        "support": 4337.0
      },
      "6": {
        "precision": 0.983567046450482,
        "recall": 0.9482467258132657,
        "f1-score": 0.9655839965583997,
        "support": 4734.0
      },
      "7": {
        "precision": 0.9858606557377049,
        "recall": 0.9598962490023942,
        "f1-score": 0.9727052163364335,
        "support": 5012.0
      },
      "8": {
        "precision": 0.9714220911771376,
        "recall": 0.9149754325998718,
        "f1-score": 0.9423542354235424,
        "support": 4681.0
      },
      "9": {
        "precision": 0.9814935771826693,
        "recall": 0.9472578272746375,
        "f1-score": 0.9640718562874252,
        "support": 4759.0
      },
      "accuracy": 0.9626666666666667,
      "macro avg": {
        "precision": 0.9642458514613781,
        "recall": 0.9625827835989634,
        "f1-score": 0.9624234258628617,
        "support": 48000.0
      },
      "weighted avg": {
        "precision": 0.9655044186911134,
        "recall": 0.9626666666666667,
        "f1-score": 0.9631562494338329,
        "support": 48000.0
      }
    },
    "confusion_matrix": [
      [
        4648,
        1,
        0,
        10,
        0,
        30,
        28,
        2,
        19,
        0
      ],
      [
        0,
        5324,
        0,
        16,
        5,
        22,
        1,
        1,
        24,
        1
      ],
      [
        14,
        26,
        4485,
        142,
        9,
        23,
        23,
        22,
        19,
        3
      ],
      [
        0,
        0,
        1,
        4764,
        0,
        128,
        0,
        2,
        8,
        2
      ],
      [
        3,
        9,
        1,
        3,
        4575,
        21,
        16,
        4,
        10,
        32
      ],
      [
        3,
        0,
        0,
        11,
        0,
        4321,
        0,
        0,
        0,
        2
      ],
      [
        3,
        2,
        0,
        4,
        1,
        201,
        4489,
        0,
        33,
        1
      ],
      [
        1,
        13,
        4,
        96,
        16,
        21,
        0,
        4811,
        8,
        42
      ],
      [
        1,
        9,
        1,
        123,
        1,
        255,
        5,
        1,
        4283,
        2
      ],
      [
        13,
        1,
        0,
        71,
        22,
        100,
        2,
        37,
        5,
        4508
      ]
    ]
  },
  "val": {
    "accuracy": 0.94725,
    "classification_report": {
      "0": {
        "precision": 0.9880749574105622,
        "recall": 0.9789029535864979,
        "f1-score": 0.983467571004663,
        "support": 1185.0
      },
      "1": {
        "precision": 0.9807692307692307,
        "recall": 0.983679525222552,
        "f1-score": 0.9822222222222222,
        "support": 1348.0
      },
      "2": {
        "precision": 0.98816029143898,
        "recall": 0.910234899328859,
        "f1-score": 0.9475982532751092,
        "support": 1192.0
      },
      "3": {
        "precision": 0.8600732600732601,
        "recall": 0.9575856443719413,
        "f1-score": 0.9062138170590506,
        "support": 1226.0
      },
      "4": {
        "precision": 0.9817708333333334,
        "recall": 0.9683219178082192,
        "f1-score": 0.975,
        "support": 1168.0
      },
      "5": {
        "precision": 0.8181818181818182,
        "recall": 0.9880073800738007,
        "f1-score": 0.8951107396573339,
        "support": 1084.0
      },
      "6": {
        "precision": 0.9796099290780141,
        "recall": 0.933277027027027,
        "f1-score": 0.9558823529411765,
        "support": 1184.0
      },
      "7": {
        "precision": 0.979933110367893,
        "recall": 0.9353551476456504,
        "f1-score": 0.9571253572886893,
        "support": 1253.0
      },
      "8": {
        "precision": 0.9605633802816902,
        "recall": 0.8743589743589744,
        "f1-score": 0.9154362416107382,
        "support": 1170.0
      },
      "9": {
        "precision": 0.9646856158484065,
        "recall": 0.9411764705882353,
        "f1-score": 0.9527860484900043,
        "support": 1190.0
      },
      "accuracy": 0.94725,
      "macro avg": {
        "precision": 0.9501822426783189,
        "recall": 0.9470899940011759,
        "f1-score": 0.9470842603548988,
        "support": 12000.0
      },
      "weighted avg": {
        "precision": 0.9515374531003722,
        "recall": 0.94725,
        "f1-score": 0.947918208796309,
        "support": 12000.0
      }
    },
    "confusion_matrix": [
      [
        1160,
        0,
        0,
        1,
        0,
        9,
        6,
        0,
        8,
        1
      ],
      [
        0,
        1326,
        2,
        10,
        0,
        3,
        0,
        1,
        5,
        1
      ],
      [
        5,
        12,
        1085,
        60,
        2,
        6,
        6,
        8,
        8,
        0
      ],
      [
        0,
        0,
        4,
        1174,
        0,
        36,
        1,
        1,
        8,
        2
      ],
      [
        0,
        3,
        1,
        2,
        1131,
        5,
        6,
        2,
        1,
        17
      ],
      [
        0,
        1,
        0,
        6,
        1,
        1071,
        1,
        1,
        2,
        1
      ],
      [
        5,
        0,
        0,
        2,
        5,
        64,
        1105,
        0,
        3,
        0
      ],
      [
        0,
        5,
        6,
        39,
        3,
        10,
        0,
        1172,
        3,
        15
      ],
      [
        2,
        1,
        0,
        51,
        1,
        86,
        2,
        0,
        1023,
        4
      ],
      [
        2,
        4,
        0,
        20,
        9,
        19,
        1,
        11,
        4,
        1120
      ]
    ]
  },
  "train_losses": [
    0.3566595432051319,
    0.12793996541741046,
    0.09400780311726192,
    0.07470301434675113,
    0.060938789172375454
  ],
  "val_losses": [
    0.33303362131118774,
    0.34025710821151733,
    0.32489651441574097,
    0.2478671818971634,
    0.1644556224346161
  ],
  "train_accuracies": [
    0.9098333333333334,
    0.9630208333333333,
    0.9716875,
    0.976,
    0.9812083333333333
  ],
  "val_accuracies": [
    0.9027500152587891,
    0.89041668176651,
    0.8911666870117188,
    0.9170833230018616,
    0.9472500085830688
  ],
  "test": {
    "accuracy": 0.9445,
    "classification_report": {
      "0": {
        "precision": 0.9836233367451381,
        "recall": 0.9806122448979592,
        "f1-score": 0.9821154828819622,
        "support": 980.0
      },
      "1": {
        "precision": 0.9815627743634767,
        "recall": 0.9850220264317181,
        "f1-score": 0.9832893579595426,
        "support": 1135.0
      },
      "2": {
        "precision": 0.9914893617021276,