{
  "train": {
    "accuracy": 0.9461458333333334,
    "classification_report": {
      "0": {
        "precision": 0.9781190826846202,
        "recall": 0.9812157028281976,
        "f1-score": 0.9796649457380676,
        "support": 4738.0
      },
      "1": {
        "precision": 0.9714233376076205,
        "recall": 0.9831294030404153,
        "f1-score": 0.9772413157652262,
        "support": 5394.0
      },
      "2": {
        "precision": 0.9447502116850127,
        "recall": 0.9364246747796895,
        "f1-score": 0.9405690200210748,
        "support": 4766.0
      },
      "3": {
        "precision": 0.9272614877395425,
        "recall": 0.9174311926605505,
        "f1-score": 0.9223201475712236,
        "support": 4905.0
      },
      "4": {
        "precision": 0.948526270824434,
        "recall": 0.9501497646555412,
        "f1-score": 0.9493373236425823,
        "support": 4674.0
      },
      "5": {
        "precision": 0.9190751445086706,
        "recall": 0.9165321650910768,
        "f1-score": 0.9178018933271762,
        "support": 4337.0
      },
      "6": {
        "precision": 0.9660163624921334,
        "recall": 0.9727503168567807,
        "f1-score": 0.9693716450899905,
        "support": 4734.0
      },
      "7": {
        "precision": 0.9539289988033506,
        "recall": 0.9543096568236233,
        "f1-score": 0.9541192898463994,
        "support": 5012.0
      },
      "8": {
        "precision": 0.919372178026231,
        "recall": 0.913480025635548,
        "f1-score": 0.9164166309472782,
        "support": 4681.0
      },
      "9": {
        "precision": 0.9262363788767812,
        "recall": 0.9287665475940323,
        "f1-score": 0.927499737698038,
        "support": 4759.0
      },
      "accuracy": 0.9461458333333334,
      "macro avg": {
        "precision": 0.9454709453248397,
        "recall": 0.9454189449965454,
        "f1-score": 0.9454341949647057,
        "support": 48000.0
      },
      "weighted avg": {
        "precision": 0.9460474414394064,
        "recall": 0.9461458333333334,
        "f1-score": 0.946085471983388,
        "support": 48000.0
      }
    },
    "confusion_matrix": [
      [
        4649,
        1,
        9,
        5,
        4,
        16,
        20,
        2,
        27,
        5
      ],
      [
        1,
        5303,
        13,
        11,
        5,
        8,
        1,
        9,
        39,
        4
      ],
      [
        14,
        24,
        4463,
        50,
        38,
        20,
        29,
        37,
        81,
        10
      ],
      [
        15,
        9,
        79,
        4500,
        5,
        138,
        13,
        33,
        73,
        40
      ],
      [
        4,
        18,
        22,
        5,
        4441,
        6,
        23,
        21,
        22,
        112
      ],
      [
        24,
        13,
        23,
        115,
        29,
        3975,
        48,
        11,
        77,
        22
      ],
      [
        17,
        4,
        23,
        3,
        16,
        41,
        4605,
        1,
        21,
        3
      ],
      [
        3,
        10,
        36,
        13,
        32,
        7,
        3,
        4783,
        10,
        115
      ],
      [
        15,
        64,
        44,
        102,
        13,
        87,
        25,
        14,
        4276,
        41
      ],
      [
        11,
        13,
        12,
        49,
        99,
        27,
        0,
        103,
        25,
        4420
      ]
    ]
  },
  "val": {
    "accuracy": 0.912,
    "classification_report": {
      "0": {
        "precision": 0.9499582985821518,
        "recall": 0.9611814345991562,
        "f1-score": 0.9555369127516778,
        "support": 1185.0
      },
      "1": {
        "precision": 0.940028901734104,
        "recall": 0.9651335311572701,
        "f1-score": 0.9524158125915081,
        "support": 1348.0
      },
      "2": {
        "precision": 0.8976784178847808,
        "recall": 0.8758389261744967,
        "f1-score": 0.8866242038216561,
        "support": 1192.0
      },
      "3": {
        "precision": 0.902928870292887,
        "recall": 0.8800978792822186,
        "f1-score": 0.8913672036348617,
        "support": 1226.0
      },
      "4": {
        "precision": 0.9224806201550387,
        "recall": 0.9169520547945206,
        "f1-score": 0.9197080291970803,
        "support": 1168.0
      },
      "5": {
        "precision": 0.8790397045244691,
        "recall": 0.8782287822878229,
        "f1-score": 0.8786340562990309,
        "support": 1084.0
      },
      "6": {
        "precision": 0.9409780775716695,
        "recall": 0.9425675675675675,
        "f1-score": 0.9417721518987342,
        "support": 1184.0
      },
      "7": {
        "precision": 0.933817594834544,
        "recall": 0.9233838786911412,
        "f1-score": 0.9285714285714286,
        "support": 1253.0
      },
      "8": {
        "precision": 0.858603066439523,
        "recall": 0.8615384615384616,
        "f1-score": 0.8600682593856656,
        "support": 1170.0
      },
      "9": {
        "precision": 0.8856907894736842,
        "recall": 0.9050420168067227,
        "f1-score": 0.8952618453865336,
        "support": 1190.0
      },
      "accuracy": 0.912,
      "macro avg": {
        "precision": 0.9111204341492852,
        "recall": 0.9109964532899377,
        "f1-score": 0.9109959903538177,
        "support": 12000.0
      },
      "weighted avg": {
        "precision": 0.9119123778234365,
        "recall": 0.912,
        "f1-score": 0.9118914985054574,
        "support": 12000.0
      }
    },
    "confusion_matrix": [
      [
        1139,
        0,
        7,
        1,
        2,
        15,
        8,
        3,
        9,
        1
      ],
      [
        0,
        1301,
        10,
        7,
        1,
        5,
        0,
        3,
        19,
        2
      ],
      [
        10,
        18,
        1044,
        24,
        10,
        5,
        18,
        15,
        40,
        8
      ],
      [
        4,
        9,
        41,
        1079,
        4,
        35,
        1,
        6,
        35,
        12
      ],
      [
        5,
        3,
        10,
        1,
        1071,
        2,
        9,
        9,
        12,
        46
      ],
      [
        13,
        6,
        11,
        27,
        13,
        952,
        15,
        1,
        33,
        13
      ],
      [
        9,
        3,
        5,
        2,
        16,
        27,
        1116,
        1,
        5,
        0
      ],
      [
        3,
        7,
        17,
        6,
        10,
        2,
        1,
        1157,
        8,
        42
      ],
      [
        14,
        27,
        14,
        35,
        5,
        34,
        16,
        2,
        1008,
        15
      ],
      [
        2,
        10,
        4,
        13,
        29,
        6,
        2,
        42,
        5,
        1077
      ]
    ]
  },
  "train_losses": [
    0.05385416666666665
  ],
  "val_losses": [
    0.08799999999999997
  ],
  "train_accuracy": [
    0.9461458333333334
  ],
  "val_accuracy": [
    0.912
  ],
  "test": {
    "accuracy": 0.9179,
    "classification_report": {
      "0": {
        "precision": 0.943943943943944,
        "recall": 0.9622448979591837,
        "f1-score": 0.9530065689742294,
        "support": 980.0
      },
      "1": {
        "precision": 0.9536082474226805,
        "recall": 0.9779735682819384,
        "f1-score": 0.9656372335798173,
        "support": 1135.0
      },
      "2": {
        "precision": 0.9260385005065856,
        "recall": 0.8856589147286822,
        "f1-score": 0.9053987122337791,
        "support": 1032.0
      },
      "3": {
        "precision": 0.8898550724637682,
        "recall": 0.9118811881188119,
        "f1-score": 0.9007334963325183,
        "support": 1010.0
      },
      "4": {
        "precision": 0.9295199182839632,