{
  "train": {
    "mse": 0.5377745032310486,
    "mae": 0.5606697797775269,
    "rmse": 0.7333311006844375,
    "r2": 0.31982600688934326
  },
  "val": {
    "mse": 0.5812027454376221,
    "mae": 0.5856114625930786,
    "rmse": 0.7623665427060805,
    "r2": 0.2376413345336914
  },
  "test": {
    "mse": 0.5636388063430786,
    "mae": 0.5819918513298035,
    "rmse": 0.7507588203564968,
    "r2": 0.22751110792160034
  },
  "train_losses": [
    24.351770712269676,
    3.7166517509354486,
    2.496474810760345,
    2.367764608727561,
    2.232993101080259,
    2.0752069875597954,
    1.8370068265746038,
    1.78626022198134,
    1.805705116233892,
    1.777048481007417,
    1.6922055234511693,
    1.5534741021692753,
    1.5884033226304584,
    1.5139356950918834,
    1.587284603052669,
    1.4981211783985298,
    1.4863152926166852,
    1.5098808374669817,
    1.5518126727806196,
    1.4854966542787023,
    1.3924421906574733,
    1.461664875348409,
    1.3766742886768446,
    1.362534770535098,
    1.4579531997442245,
    1.3470050193071883,
    1.2552425200119615,
    1.3291296925809648,
    1.303226939506001,
    1.319616947737005,
    1.3828812299503221,
    1.2625664854422212,
    1.271335754957464,
    1.2384658513797655,
    1.2199847648541133,
    1.1961951901515324,
    1.134546719219846,
    1.1909227524366643,
    1.1123490660554833,
    1.1274493899610307,
    1.1508879351119201,
    1.1501142630974452,
    1.1404613132278125,
    1.0800143616894882,
    1.10162988719013,
    1.1823019882043202,
    1.087915787473321,
    1.1141581593288317,
    1.0942278515754476,
    1.098063751227326,
    1.110418180624644,
    1.016004385581861,
    1.037798911333084,
    1.037638424585263,
    0.9852056180437406,
    0.9680136616031328,
    1.0095511248024802,
    0.9778434021605386,
    1.0072573506169848,
    0.9687899765041139,
    0.9899632152583864,
    0.9576697901259953,
    0.9324452913262777,
    0.9479392319917679,
    0.904240801723467,
    0.9101707095073329,
    0.9139103305222105,
    0.9377039228048589,
    0.9239482068353229,
    0.931613148500522,
    0.9244312333563963,
    0.8572546558247672,
    0.8842959966924455,
    0.8866896364423964,
    0.8927510214141674,
    0.8854524765241271
  ],
  "val_losses": [
    7.124508380889893,
    1.9068853855133057,
    1.478736162185669,
    1.2941532135009766,
    1.2446794509887695,
    1.0577588081359863,
    0.9986709952354431,
    0.9129400253295898,
    0.8963652849197388,
    0.8680866360664368,
    0.8127049803733826,
    0.783642590045929,
    0.7677404284477234,
    0.7774966955184937,
    0.6978303790092468,
    0.7178752422332764,
    0.6750535368919373,
    0.6938607096672058,
    0.6839793920516968,
    0.655735433101654,
    0.6484842896461487,
    0.6113440990447998,
    0.6131730675697327,
    0.6945053339004517,
    0.6158602833747864,
    0.6115068197250366,
    0.6197733879089355,
    0.6097701191902161,
    0.5828379392623901,
    0.6678103804588318,
    0.6774893403053284,
    0.6104214191436768,
    0.5678960084915161,
    0.573160707950592,
    0.5794178247451782,
    0.5827533006668091,
    0.5879433751106262,
    0.5825524926185608,
    0.5788496136665344,
    0.5632258653640747,
    0.5949232578277588,
    0.5636259913444519,
    0.5470718145370483,
    0.5621065497398376,
    0.545897364616394,
    0.5998775959014893,
    0.5513936281204224,
    0.5408374667167664,
    0.5461734533309937,
    0.546203076839447,
    0.603017270565033,
    0.566260576248169,
    0.5472016930580139,
    0.5682716369628906,
    0.5620513558387756,
    0.5605823993682861,
    0.5404973030090332,
    0.5358331203460693,
    0.5464438199996948,
    0.5410332679748535,
    0.6181769371032715,
    0.5696426630020142,
    0.5706226229667664,
    0.5395996570587158,
    0.5301335453987122,
    0.5279967188835144,
    0.5659239292144775,
    0.5353696942329407,
    0.5497717261314392,
    0.6082200407981873,
    0.5977975130081177,
    0.5440725088119507,
    0.5727359056472778,
    0.5352281928062439,
    0.5396230220794678,
    0.5812027454376221
  ]
}