{
  "train": {
    "mse": 0.5410285444818586,
    "mae": 0.5705178790656897,
    "rmse": 0.7355464257828044,
    "r2": 0.30326639742150796
  },
  "val": {
    "mse": 0.5282504585662786,
    "mae": 0.5632342434053446,
    "rmse": 0.7268084056794326,
    "r2": 0.2898644516893749
  },
  "test": {
    "mse": 0.5270261970867541,
    "mae": 0.5608924559366346,
    "rmse": 0.7259656996627004,
    "r2": 0.263300505236851
  }
}