{
  "train": {
    "accuracy": 0.5509126896855069,
    "classification_report": {
      "3": {
        "precision": 1.0,
        "recall": 0.047619047619047616,
        "f1-score": 0.09090909090909091,
        "support": 21.0
      },
      "4": {
        "precision": 0.5454545454545454,
        "recall": 0.04081632653061224,
        "f1-score": 0.0759493670886076,
        "support": 147.0
      },
      "5": {
        "precision": 0.6121251629726207,
        "recall": 0.6157377049180328,
        "f1-score": 0.6139261196469434,
        "support": 1525.0
      },
      "6": {
        "precision": 0.5216730038022813,
        "recall": 0.7064881565396498,
        "f1-score": 0.600174978127734,
        "support": 1942.0
      },
      "7": {
        "precision": 0.5040431266846361,
        "recall": 0.24476439790575916,
        "f1-score": 0.3295154185022026,
        "support": 764.0
      },
      "8": {
        "precision": 0.0,
        "recall": 0.0,
        "f1-score": 0.0,
        "support": 144.0
      },
      "9": {
        "precision": 0.0,
        "recall": 0.0,
        "f1-score": 0.0,
        "support": 4.0
      },
      "accuracy": 0.5509126896855069,
      "macro avg": {
        "precision": 0.4547565484162976,
        "recall": 0.23648937621615737,
        "f1-score": 0.24435356775351122,
        "support": 4547.0
      },
      "weighted avg": {
        "precision": 0.5350452196802632,
        "recall": 0.5509126896855069,
        "f1-score": 0.5204751633148114,
        "support": 4547.0
      }
    },
    "confusion_matrix": [
      [
        1,
        1,
        11,
        8,
        0,
        0,
        0
      ],
      [
        0,
        6,
        84,
        55,
        2,
        0,
        0
      ],
      [
        0,
        3,
        939,
        575,
        8,
        0,
        0
      ],
      [
        0,
        1,
        436,
        1372,
        133,
        0,
        0
      ],
      [
        0,
        0,
        51,
        526,
        187,
        0,
        0
      ],
      [
        0,
        0,
        13,
        93,
        38,
        0,
        0
      ],
      [
        0,
        0,
        0,
        1,
        3,
        0,
        0
      ]
    ]
  },
  "val": {
    "accuracy": 0.5271794871794871,
    "classification_report": {
      "3": {
        "precision": 0.0,
        "recall": 0.0,
        "f1-score": 0.0,
        "support": 5.0
      },
      "4": {
        "precision": 0.3333333333333333,
        "recall": 0.029411764705882353,
        "f1-score": 0.05405405405405406,
        "support": 34.0
      },
      "5": {
        "precision": 0.5508982035928144,
        "recall": 0.5897435897435898,
        "f1-score": 0.5696594427244582,
        "support": 312.0
      },
      "6": {
        "precision": 0.527927927927928,
        "recall": 0.6643990929705216,
        "f1-score": 0.5883534136546185,
        "support": 441.0
      },
      "7": {
        "precision": 0.43902439024390244,
        "recall": 0.23225806451612904,
        "f1-score": 0.3037974683544304,
        "support": 155.0
      },
      "8": {
        "precision": 0.0,
        "recall": 0.0,
        "f1-score": 0.0,
        "support": 28.0
      },
      "9": {
        "precision": 0.0,
        "recall": 0.0,
        "f1-score": 0.0,
        "support": 0.0
      },
      "accuracy": 0.5271794871794871,
      "macro avg": {
        "precision": 0.2644548364425683,
        "recall": 0.2165446445623032,
        "f1-score": 0.21655205411250875,
        "support": 975.0
      },
      "weighted avg": {
        "precision": 0.4964908405726283,
        "recall": 0.5271794871794871,
        "f1-score": 0.4985887661379408,
        "support": 975.0
      }
    },
    "confusion_matrix": [
      [
        0,
        0,
        1,
        3,
        1,
        0,
        0
      ],
      [
        0,
        1,
        20,
        13,
        0,
        0,
        0
      ],
      [
        0,
        2,
        184,
        125,
        1,
        0,
        0
      ],
      [
        0,
        0,
        117,
        293,
        30,
        0,
        1
      ],
      [
        0,
        0,
        10,
        109,
        36,
        0,
        0
      ],
      [
        0,
        0,
        2,
        12,
        14,
        0,
        0
      ],
      [
        0,
        0,
        0,
        0,
        0,
        0,
        0
      ]
    ]
  },
  "train_losses": [
    0.4490873103144931
  ],
  "val_losses": [
    0.47282051282051285
  ],
  "train_accuracy": [
    0.5509126896855069
  ],
  "val_accuracy": [
    0.5271794871794871
  ],
  "test": {
    "accuracy": 0.5425641025641026,
    "classification_report": {
      "3": {
        "precision": 0.0,
        "recall": 0.0,
        "f1-score": 0.0,
        "support": 4.0
      },
      "4": {
        "precision": 0.6666666666666666,
        "recall": 0.05714285714285714,
        "f1-score": 0.10526315789473684,
        "support": 35.0
      },
      "5": {
        "precision": 0.5329512893982808,
        "recall": 0.6179401993355482,
        "f1-score": 0.5723076923076923,
        "support": 301.0
      },
      "6": {
        "precision": 0.5456171735241503,
        "recall": 0.673289183222958,
        "f1-score": 0.6027667984189723,
        "support": 453.0
      },
      "7": {
        "precision": 0.5714285714285714,
        "recall": 0.225,
        "f1-score": 0.32286995515695066,
        "support": 160.0
      },
      "8": {
        "precision": 0.0,
        "recall": 0.0,
        "f1-score": 0.0,
        "support": 21.0
      },
      "9": {
        "precision": 0.0,
        "recall": 0.0,
        "f1-score": 0.0,
        "support": 1.0
      },
      "accuracy": 0.5425641025641026,
      "macro avg": {
        "precision": 0.3309519572882384,
        "recall": 0.2247674628144805,
        "f1-score": 0.2290296576826217,
        "support": 975.0
      },
      "weighted avg": {
        "precision": 0.5357382794638229,
        "recall": 0.5425641025641026,
        "f1-score": 0.5134988496613719,
        "support": 975.0
      }
    },
    "confusion_matrix": [
      [
        0,
        0,
        3,
        0,
        0,
        1,
        0
      ],
      [
        0,
        2,
        22,
        11,
        0,
        0,
        0
      ],
      [
        0,
        1,
        186,
        110,
        4,
        0,
        0
      ],
      [
        0,
        0,
        127,
        305,
        21,
        0,
        0
      ],
      [
        0,
        0,
        10,
        114,
        36,
        0,
        0
      ],
      [
        0,
        0,
        1,
        19,
        1,
        0,
        0
      ],
      [
        0,
        0,
        0,
        0,
        1,
        0,
        0
      ]
    ]
  }
}